facultad,nombre,ciclos,modalidad
"Facultad de Ciencias Administrativas, Gestión Empresarial e Informática",Software,8,Presencial
"Facultad de Ciencias Administrativas, Gestión Empresarial e Informática",Tecnologías de la Información,8,Presencial
"Facultad de Ciencias Administrativas, Gestión Empresarial e Informática",Administración de Empresas,8,Presencial
"Facultad de Ciencias Administrativas, Gestión Empresarial e Informática",Contabilidad y Auditoría,8,Presencial
"Facultad de Ciencias Administrativas, Gestión Empresarial e Informática",Mercadotecnia,8,Presencial
"Facultad de Ciencias Administrativas, Gestión Empresarial e Informática",Turismo,8,Presencial
"Facultad de Ciencias Agropecuarias, Recursos Naturales y del Ambiente",Agronomía,9,Presencial
"Facultad de Ciencias Agropecuarias, Recursos Naturales y del Ambiente",Medicina Veterinaria,10,Presencial
"Facultad de Ciencias Agropecuarias, Recursos Naturales y del Ambiente",Agroindustria,9,Presencial
"Facultad de Ciencias Agropecuarias, Recursos Naturales y del Ambiente",Ambiental,9,Presencial
Facultad de Ciencias de la Salud y del Ser Humano,Enfermería,9,Presencial
Facultad de Ciencias de la Salud y del Ser Humano,Terapia Física,8,Presencial
Facultad de Ciencias de la Salud y del Ser Humano,Gestión de Riesgos,8,Presencial
"Facultad de Ciencias de la Educación, Sociales, Filosóficas y Humanísticas",Educación Inicial,8,Presencial
"Facultad de Ciencias de la Educación, Sociales, Filosóficas y Humanísticas",Educación Básica,8,Presencial
"Facultad de Ciencias de la Educación, Sociales, Filosóficas y Humanísticas",Pedagogía de los Idiomas Nacionales y Extranjeros,8,Presencial
"Facultad de Ciencias de la Educación, Sociales, Filosóficas y Humanísticas",Pedagogía de la Actividad Física y Deporte,8,Presencial
"Facultad de Ciencias de la Educación, Sociales, Filosóficas y Humanísticas",Psicopedagogía,8,Presencial
"Facultad de Ciencias de la Educación, Sociales, Filosóficas y Humanísticas",Comunicación,8,Presencial
"Facultad de Jurisprudencia, Ciencias Sociales y Políticas",Derecho,9,Presencial
"Facultad de Jurisprudencia, Ciencias Sociales y Políticas",Sociología,8,Presencial
